Platform,Username,URL
Instagram,austin_prinsloo01,https://instagram.com/austin_prinsloo01
Reddit,austin_prinsloo01,https://www.reddit.com/user/austin_prinsloo01
TikTok,austin_prinsloo01,https://www.tiktok.com/@austin_prinsloo01
Facebook,austin_prinsloo01,https://www.facebook.com/austin_prinsloo01
Medium,austin_prinsloo01,https://medium.com/@austin_prinsloo01
Ko-fi,austin_prinsloo01,https://ko-fi.com/austin_prinsloo01
Instagram,austin.prinsloo,https://instagram.com/austin.prinsloo
Reddit,austin.prinsloo,https://www.reddit.com/user/austin.prinsloo
TikTok,austin.prinsloo,https://www.tiktok.com/@austin.prinsloo
Facebook,austin.prinsloo,https://www.facebook.com/austin.prinsloo
Pinterest,austin.prinsloo,https://www.pinterest.com/austin.prinsloo
Medium,austin.prinsloo,https://medium.com/@austin.prinsloo
Steam,austin.prinsloo,https://steamcommunity.com/id/austin.prinsloo
GitHub,austin,https://github.com/austin
Instagram,austin,https://instagram.com/austin
Reddit,austin,https://www.reddit.com/user/austin
TikTok,austin,https://www.tiktok.com/@austin
Facebook,austin,https://www.facebook.com/austin
Pinterest,austin,https://www.pinterest.com/austin
SoundCloud,austin,https://soundcloud.com/austin
Medium,austin,https://medium.com/@austin
Vimeo,austin,https://vimeo.com/austin
Steam,austin,https://steamcommunity.com/id/austin
DeviantArt,austin,https://www.deviantart.com/austin
Ko-fi,austin,https://ko-fi.com/austin
Instagram,austin_prinsloo,https://instagram.com/austin_prinsloo
Reddit,austin_prinsloo,https://www.reddit.com/user/austin_prinsloo
TikTok,austin_prinsloo,https://www.tiktok.com/@austin_prinsloo
Facebook,austin_prinsloo,https://www.facebook.com/austin_prinsloo
Pinterest,austin_prinsloo,https://www.pinterest.com/austin_prinsloo
Medium,austin_prinsloo,https://medium.com/@austin_prinsloo
Steam,austin_prinsloo,https://steamcommunity.com/id/austin_prinsloo
Ko-fi,austin_prinsloo,https://ko-fi.com/austin_prinsloo
Instagram,austin.p,https://instagram.com/austin.p
Reddit,austin.p,https://www.reddit.com/user/austin.p
TikTok,austin.p,https://www.tiktok.com/@austin.p
Facebook,austin.p,https://www.facebook.com/austin.p
Pinterest,austin.p,https://www.pinterest.com/austin.p
Medium,austin.p,https://medium.com/@austin.p
Steam,austin.p,https://steamcommunity.com/id/austin.p
Instagram,austinprinsloo01,https://instagram.com/austinprinsloo01
Reddit,austinprinsloo01,https://www.reddit.com/user/austinprinsloo01
TikTok,austinprinsloo01,https://www.tiktok.com/@austinprinsloo01
Facebook,austinprinsloo01,https://www.facebook.com/austinprinsloo01
Pinterest,austinprinsloo01,https://www.pinterest.com/austinprinsloo01
Medium,austinprinsloo01,https://medium.com/@austinprinsloo01
Steam,austinprinsloo01,https://steamcommunity.com/id/austinprinsloo01
Ko-fi,austinprinsloo01,https://ko-fi.com/austinprinsloo01
GitHub,austinp123,https://github.com/austinp123
Instagram,austinp123,https://instagram.com/austinp123
Reddit,austinp123,https://www.reddit.com/user/austinp123
TikTok,austinp123,https://www.tiktok.com/@austinp123
Facebook,austinp123,https://www.facebook.com/austinp123
Pinterest,austinp123,https://www.pinterest.com/austinp123
Medium,austinp123,https://medium.com/@austinp123
Steam,austinp123,https://steamcommunity.com/id/austinp123
Roblox,austinp123,https://www.roblox.com/user.aspx?username=austinp123
Ko-fi,austinp123,https://ko-fi.com/austinp123
Instagram,prinslooaustin,https://instagram.com/prinslooaustin
Reddit,prinslooaustin,https://www.reddit.com/user/prinslooaustin
TikTok,prinslooaustin,https://www.tiktok.com/@prinslooaustin
Facebook,prinslooaustin,https://www.facebook.com/prinslooaustin
Pinterest,prinslooaustin,https://www.pinterest.com/prinslooaustin
Medium,prinslooaustin,https://medium.com/@prinslooaustin
Steam,prinslooaustin,https://steamcommunity.com/id/prinslooaustin
Ko-fi,prinslooaustin,https://ko-fi.com/prinslooaustin
GitHub,aprinsloo,https://github.com/aprinsloo
Instagram,aprinsloo,https://instagram.com/aprinsloo
Reddit,aprinsloo,https://www.reddit.com/user/aprinsloo
TikTok,aprinsloo,https://www.tiktok.com/@aprinsloo
Facebook,aprinsloo,https://www.facebook.com/aprinsloo
Pinterest,aprinsloo,https://www.pinterest.com/aprinsloo
Medium,aprinsloo,https://medium.com/@aprinsloo
Steam,aprinsloo,https://steamcommunity.com/id/aprinsloo
Roblox,aprinsloo,https://www.roblox.com/user.aspx?username=aprinsloo
Ko-fi,aprinsloo,https://ko-fi.com/aprinsloo
Instagram,austinp01,https://instagram.com/austinp01
Reddit,austinp01,https://www.reddit.com/user/austinp01
TikTok,austinp01,https://www.tiktok.com/@austinp01
Facebook,austinp01,https://www.facebook.com/austinp01
Pinterest,austinp01,https://www.pinterest.com/austinp01
SoundCloud,austinp01,https://soundcloud.com/austinp01
Medium,austinp01,https://medium.com/@austinp01
Steam,austinp01,https://steamcommunity.com/id/austinp01
Roblox,austinp01,https://www.roblox.com/user.aspx?username=austinp01
DeviantArt,austinp01,https://www.deviantart.com/austinp01
Ko-fi,austinp01,https://ko-fi.com/austinp01
Instagram,aprinsloo01,https://instagram.com/aprinsloo01
Reddit,aprinsloo01,https://www.reddit.com/user/aprinsloo01
TikTok,aprinsloo01,https://www.tiktok.com/@aprinsloo01
Facebook,aprinsloo01,https://www.facebook.com/aprinsloo01
Pinterest,aprinsloo01,https://www.pinterest.com/aprinsloo01
Medium,aprinsloo01,https://medium.com/@aprinsloo01
Steam,aprinsloo01,https://steamcommunity.com/id/aprinsloo01
Ko-fi,aprinsloo01,https://ko-fi.com/aprinsloo01
GitHub,prinsloo,https://github.com/prinsloo
Instagram,prinsloo,https://instagram.com/prinsloo
Reddit,prinsloo,https://www.reddit.com/user/prinsloo
TikTok,prinsloo,https://www.tiktok.com/@prinsloo
Facebook,prinsloo,https://www.facebook.com/prinsloo
Pinterest,prinsloo,https://www.pinterest.com/prinsloo
SoundCloud,prinsloo,https://soundcloud.com/prinsloo
Steam,prinsloo,https://steamcommunity.com/id/prinsloo
Roblox,prinsloo,https://www.roblox.com/user.aspx?username=prinsloo
DeviantArt,prinsloo,https://www.deviantart.com/prinsloo
Ko-fi,prinsloo,https://ko-fi.com/prinsloo
Instagram,austinprinsloo123,https://instagram.com/austinprinsloo123
Reddit,austinprinsloo123,https://www.reddit.com/user/austinprinsloo123
TikTok,austinprinsloo123,https://www.tiktok.com/@austinprinsloo123
Facebook,austinprinsloo123,https://www.facebook.com/austinprinsloo123
Pinterest,austinprinsloo123,https://www.pinterest.com/austinprinsloo123
Medium,austinprinsloo123,https://medium.com/@austinprinsloo123
Steam,austinprinsloo123,https://steamcommunity.com/id/austinprinsloo123
Ko-fi,austinprinsloo123,https://ko-fi.com/austinprinsloo123
GitHub,austinp,https://github.com/austinp
Instagram,austinp,https://instagram.com/austinp
Reddit,austinp,https://www.reddit.com/user/austinp
TikTok,austinp,https://www.tiktok.com/@austinp
Facebook,austinp,https://www.facebook.com/austinp
Pinterest,austinp,https://www.pinterest.com/austinp
Medium,austinp,https://medium.com/@austinp
Vimeo,austinp,https://vimeo.com/austinp
Steam,austinp,https://steamcommunity.com/id/austinp
Roblox,austinp,https://www.roblox.com/user.aspx?username=austinp
DeviantArt,austinp,https://www.deviantart.com/austinp
Ko-fi,austinp,https://ko-fi.com/austinp
Instagram,austinprinsloo,https://instagram.com/austinprinsloo
Reddit,austinprinsloo,https://www.reddit.com/user/austinprinsloo
TikTok,austinprinsloo,https://www.tiktok.com/@austinprinsloo
Facebook,austinprinsloo,https://www.facebook.com/austinprinsloo
Pinterest,austinprinsloo,https://www.pinterest.com/austinprinsloo
Medium,austinprinsloo,https://medium.com/@austinprinsloo
Steam,austinprinsloo,https://steamcommunity.com/id/austinprinsloo
Ko-fi,austinprinsloo,https://ko-fi.com/austinprinsloo
